cheese,url,milk,country,region,family,type,fat_content,calcium_content,texture,rind,color,flavor,aroma,vegetarian,vegan,synonyms,alt_spellings,producers
Abbaye de Belval,https://www.cheese.com/abbaye-de-belval/,cow,France,NA,NA,semi-hard,40,469,elastic,washed,ivory,NA,aromatic,NA,NA,NA,NA,NA
Abbaye du Mont des Cats,https://www.cheese.com/abbaye-du-mont-des-cats/,cow,France,Nord-Pas-de-Calais,NA,"semi-soft, artisan, brined",50,469,"smooth, supple",washed,pale yellow,"milky, salty",floral,NA,NA,NA,NA,Abbaye du Mont des Cats
Abertam,https://www.cheese.com/abertam/,sheep,Czech Republic,Karlovy Vary,NA,"hard, artisan",45,469,firm,natural,pale yellow,"acidic, strong, tangy",NA,NA,NA,NA,NA,NA
Acorn,https://www.cheese.com/acorn/,sheep,United Kingdom,Bethania,NA,"hard, artisan",52,469,"crumbly, firm",NA,NA,"burnt caramel, citrusy, herbaceous",fruity,NA,NA,NA,NA,NA
Adelost,https://www.cheese.com/adelost/,cow,Sweden,NA,Blue,"semi-soft, blue-veined",50,469,creamy,natural,blue,"salty, sharp, tangy",strong,NA,NA,NA,NA,NA
ADL Brick Cheese,https://www.cheese.com/adl-brick-cheese/,cow,Canada,Prince Edward Island,Cheddar,semi-soft,12,469,"elastic, firm, open, soft",rindless,ivory,"buttery, mild, milky, subtle","buttery, sweet",NA,NA,NA,NA,ADL - Amalgamated Dairies Limited
ADL Mild Cheddar,https://www.cheese.com/adl-mild-cheddar/,cow,Canada,Prince Edward Island,Cheddar,semi-hard,14,469,"firm, springy",rindless,yellow,"acidic, buttery, milky, subtle",NA,NA,NA,NA,NA,ADL - Amalgamated Dairies Limited
Affidelice au Chablis,https://www.cheese.com/affidelice-au-chablis/,cow,France,Burgundy,NA,soft,55,26,"creamy, smooth",washed,orange,"fruity, mild, tangy","perfumed, strong",NA,NA,NA,NA,Fromagerie Berthaut
Aisy Cendre,https://www.cheese.com/aisy-cendre/,cow,France,Burgundy,NA,"semi-soft, smear-ripened",50,469,"creamy, smooth",washed,white,"full-flavored, herbaceous, salty, smokey","earthy, nutty, smokey",NA,NA,"Cendre d'Aisy, Ashen Aisy",NA,NA
Allgauer Emmentaler,https://www.cheese.com/allgauer-emmentaler/,cow,Germany,Swabia,NA,hard,45,469,firm,natural,yellow,nutty,pungent,NA,NA,NA,NA,NA
Allium Piper,https://www.cheese.com/allium-piper/,goat,Australia,South Australia,NA,"fresh soft, artisan",45,469,"creamy, soft",NA,white,"garlicky, spicy","fresh, garlicky, spicy",NA,NA,"Woodside Chevre - Allium Piper, Woodside Allium Piper",NA,Woodside Cheese Wrights
Alma Vorarlberger Alpkäse (3-5 months),https://www.cheese.com/alma-vorarlberger-alpkase-3-5-months/,cow,Austria,Vorarlberg,NA,"hard, artisan",34,469,firm,natural,yellow,"mild, spicy","mild, spicy",NA,NA,Vorarlberg Alpine cheese 3-5 months,NA,Rupp AG
Alma Vorarlberger Alpkäse (6-9 months),https://www.cheese.com/alma-vorarlberger-alpkase-6-9-months/,cow,Austria,Vorarlberg,NA,"hard, artisan",34,469,firm,natural,yellow,"spicy, strong","spicy, strong",NA,NA,Vorarlberg Alpine cheese 6-9 months,NA,Rupp AG
Alma Vorarlberger Bergkäse (10 months),https://www.cheese.com/alma-vorarlberger-bergkase-10-months/,cow,Austria,"Bregenzerwald, Kleinwalsertal, Großwalsertal, Laiblachtal (Pfänderstock) and Rheintal",NA,"hard, artisan",34,469,"brittle, firm, flaky, open",natural,yellow,"piquant, spicy, strong, tangy","aromatic, strong",NA,NA,Rupp Vorarlberger Bergkäse,Vorarlberger Bergkase 10 months,Rupp AG
Alma Vorarlberger Bergkäse (12 months),https://www.cheese.com/alma-vorarlberger-bergkase-12-months/,cow,Austria,"Bregenzerwald, Kleinwalsertal, Großwalsertal, Laiblachtal (Pfänderstock) and Rheintal",NA,"hard, artisan",34,469,"brittle, firm, flaky, open",natural,yellow,"piquant, spicy, strong, tangy","aromatic, strong",NA,NA,Rupp Vorarlberger Bergkäse,Vorarlberger Bergkase 12 months,Rupp AG
Alma Vorarlberger Bergkäse (6 months),https://www.cheese.com/alma-vorarlberger-bergkase-6-months/,cow,Austria,"Bregenzerwald, Kleinwalsertal, Großwalsertal, Laiblachtal (Pfänderstock) and Rheintal",NA,"hard, artisan",34,469,"firm, open, supple",natural,cream,"piquant, spicy, tangy",aromatic,NA,NA,Rupp Vorarlberger Bergkäse,Vorarlberger Bergkase 6 months,Rupp AG
Alps Rebel,https://www.cheese.com/alps-rebel/,cow,Austria,Sulzberg,NA,"semi-hard, artisan",48,469,"creamy, open",natural,yellow,"buttery, citrusy, milky, piquant","fruity, lactic, milky, nutty",NA,NA,Alpenrebell,NA,Sulzberger Käserebellen Sennerei GmbH
Alta Badia,https://www.cheese.com/alta-badia/,cow,Italy,NA,NA,semi-soft,33.5,469,firm,NA,NA,"milky, sharp, tangy",NA,NA,NA,NA,NA,Mila LATTE MONTAGNA ALTO ADIGE
Alverca,https://www.cheese.com/alverca/,"goat, sheep",Portugal,NA,NA,semi-hard,40,469,NA,NA,NA,NA,NA,NA,NA,NA,NA,NA
Amarelo de Beira Baixa,https://www.cheese.com/amarelo-de-beira-baixa/,"goat, sheep",Portugal,Beira Baixa Province,NA,"semi-firm, artisan",45,469,NA,NA,yellow,acidic,NA,NA,NA,"Amarelo da Beira Baixa Cheese (DOP), Queijo amarelo da Beira Baixa",NA,NA
Ami du Chambertin,https://www.cheese.com/ami-du-chambertin/,cow,France,"Gevrey-Chambertin, Burgundy",NA,"semi-soft, artisan, brined",45,469,smooth,washed,white,"buttery, sharp",NA,NA,NA,L'Ami du Chambertin,NA,NA
Amou,https://www.cheese.com/amou/,sheep,France,"Amou, Gascony",NA,firm,45,469,NA,NA,golden yellow,NA,NA,NA,NA,"l'Amou, Amu",NA,NA
Amsterdammer (British Columbia),https://www.cheese.com/amsterdammer-british-columbia/,NA,Canada,"Comox Valley, Vancouver Island",NA,"semi-soft, firm",30,469,"buttery, creamy",natural,pale yellow,"buttery, creamy","aromatic, buttery",NA,NA,NA,NA,Natural Pastures Cheese Company
Amul Emmental,https://www.cheese.com/amul-emmental/,cow,India,Gujarat,Swiss Cheese,semi-hard,46,488,"firm, open",artificial,yellow,sweet,nutty,NA,NA,NA,NA,Gujarat Cooperative Milk Marketing Federation (Amul)
Amul Gouda,https://www.cheese.com/amul-gouda/,cow,India,Gujarat,Gouda,semi-hard,46,492,"compact, dense, firm, springy",plastic,yellow,"fruity, sweet",mild,NA,NA,NA,NA,Gujarat Cooperative Milk Marketing Federation (Amul)
Amul Pizza Mozzarella Cheese,https://www.cheese.com/amul-pizza-mozzarella-cheese/,cow,India,Gujarat,Mozzarella,"semi-soft, processed",30,492,"elastic, stringy",artificial,yellow,salty,pleasant,NA,NA,NA,NA,Gujarat Cooperative Milk Marketing Federation (Amul)
Amul Processed Cheese,https://www.cheese.com/amul-processed-cheese/,"cow, water buffalo",India,Gujarat,Cheddar,"hard, processed",26,343,"crumbly, dense",artificial,yellow,"buttery, creamy, salty",NA,NA,NA,NA,NA,Gujarat Cooperative Milk Marketing Federation (Amul)
Anari,https://www.cheese.com/anari/,"goat, sheep",Cyprus,island wide,Cottage,"fresh soft, hard, artisan",8,469,"brittle, creamy, flaky",natural,white,"creamy, mild, salty",NA,NA,NA,"Dry Anari, Fresh Anari",NA,NA
Anneau du Vic-Bilh,https://www.cheese.com/anneau-du-vic-bilh/,goat,France,Pyrenees-Atlantiques,Cottage,"soft, artisan",45,469,"creamy, smooth",NA,white,"acidic, nutty, salty, smokey","earthy, nutty, smokey",NA,NA,NA,NA,NA
Anthotyro,https://www.cheese.com/anthotyro/,"goat, sheep",Greece,"Macedonia, Thrace, Thessalia, Peloponissos, Ionian Islands, Aegean islands, Crete Island and Epirus",NA,"hard, whey",30,318,crumbly,natural,white,"salty, tangy",strong,NA,NA,"Anthotyro Fresco, Anthotyro","Anthotiro, Antotiro",NA
Anthotyro Fresco,https://www.cheese.com/anthotyro-fresco/,"goat, sheep",Greece,"Macedonia, Thrace, Thessalia, Peloponissos, Ionian Islands, Aegean islands, Crete Island and Epirus",NA,"semi-soft, whey",20,469,"creamy, smooth",rindless,white,sweet,NA,NA,NA,"Fresh Anthotyro, Anthotiro",NA,NA
Appleby's Double Gloucester,https://www.cheese.com/applebys-double-gloucester/,cow,"England, Great Britain, United Kingdom",Gloucestershire,NA,"hard, artisan",54.23,469,"crumbly, dense, firm, flaky, smooth",natural,golden yellow,"mellow, milky, nutty, subtle, tangy","subtle, sweet",NA,NA,NA,NA,Appleby's
Ardi Gasna,https://www.cheese.com/ardi-gasna/,sheep,France,Midi-Pyrénées,NA,"hard, artisan",45,469,"firm, supple",washed,pale yellow,"mild, nutty, sharp",fresh,NA,NA,NA,NA,NA
Ardrahan,https://www.cheese.com/ardrahan/,cow,Ireland,Duhallow,NA,"semi-soft, brined",25,469,"chalky, smooth",washed,yellow,"acidic, buttery, nutty","earthy, pungent",NA,NA,NA,NA,Ardrahan Dairy Products Ltd.
Aromes au Gene de Marc,https://www.cheese.com/aromes-au-gene-de-marc/,"cow, goat",France,Rhône-Alpes,NA,"semi-soft, artisan",25,469,"creamy, flaky",natural,white,strong,"fermented, pungent",NA,NA,NA,NA,NA
Arådalen,https://www.cheese.com/aradalen/,cow,Sweden,Oviken,Blue,"soft, artisan, blue-veined",34,469,creamy,mold ripened,ivory,sweet,NA,NA,NA,NA,NA,Oviken cheese
Asiago DOP,https://www.cheese.com/asiago/,cow,Italy,"Veneto, Trentino",NA,hard,34,469,"compact, crumbly, open, smooth",natural,yellow,"full-flavored, milky, sharp",pungent,NA,NA,NA,NA,NA
Asiago d’Allevo DOP,https://www.cheese.com/asiago-dallevo/,cow,Italy,Veneto,NA,hard,34,469,compact,natural,pale yellow,savory,"pleasant, yeasty",NA,NA,"Asiago Aged, Asiago D’Allevo DOP Mitica®, Asiago Mezzano",NA,NA
Asiago Pressato DOP,https://www.cheese.com/asiago-pressato/,cow,Italy,Veneto,NA,semi-soft,48,469,"creamy, smooth",natural,white,"nutty, sweet",fresh,NA,NA,"Asiago Fresco, Asiago Fresco DOP Mitica®",Pressato,NA
Autun,https://www.cheese.com/autun/,"cow, goat",France,Burgundy,NA,"fresh soft, artisan",40,469,creamy,rindless,white,acidic,NA,NA,NA,NA,NA,NA
Avonlea Clothbound Cheddar,https://www.cheese.com/avonlea-clothbound-cheddar/,cow,Canada,Prince Edward Island,Cheddar,"hard, artisan",32,469,"creamy, crumbly, firm",cloth wrapped,straw,"fruity, mushroomy, savory",NA,NA,NA,NA,NA,COWS Inc.
Baby Swiss,https://www.cheese.com/baby-swiss/,cow,United States,"Charm, Ohio",Swiss Cheese,"semi-soft, processed",43,469,"creamy, open, smooth",rindless,pale yellow,"nutty, sharp, sweet",NA,NA,NA,Lacy cheese,NA,Guggisberg Cheese
Baguette Laonnaise,https://www.cheese.com/baguette-laonnaise/,cow,France,Ile-de-France/Champagne,NA,"soft, artisan",28.5,469,"open, supple",washed,pale yellow,spicy,pungent,NA,NA,Baguette Lyonnaise,NA,NA
Baladi,https://www.cheese.com/baladi/,"cow, goat, sheep","Lebanon, Middle East",NA,NA,"fresh soft, artisan",22,469,"creamy, dense, smooth",rindless,white,"buttery, mild, salty, sweet",fresh,NA,NA,"Jibneh Khadra, Jibnah Baladi, Baladieh, Jibneh Baladi",NA,NA
Baluchon,https://www.cheese.com/baluchon/,cow,Canada,Quebec,NA,semi-soft,28,469,creamy,washed,ivory,"acidic, creamy, earthy, salty","earthy, mild",NA,NA,Le Baluchon,NA,Fromageries Jonathan
Barambah Organics Marinated Feta,https://www.cheese.com/barambah-organics-marinated-feta/,cow,Australia,Brisbane,Feta,fresh soft,25.22,469,"creamy, crumbly, springy",rindless,white,"herbaceous, mild, milky","herbal, mild, milky",NA,NA,NA,NA,Barambah Organics Pty Ltd.
Barberey,https://www.cheese.com/barberey/,cow,France,"Troyes , Aube",NA,soft,20,469,"dry, smooth, soft",natural,NA,"pungent, woody",mild,NA,NA,"ash trojan, cheese Troyes",NA,NA
Basils Original Rauchkäse,https://www.cheese.com/basils-original-rauchkase/,cow,Germany,NA,NA,semi-soft,25.5,700,"compact, dense, soft",natural,pale yellow,"salty, smokey , spicy",smokey,NA,NA,Basil's Smoked Cheese,NA,Bergader Privatkäserei GmbH
Baskeriu,https://www.cheese.com/baskeriu/,sheep,France,"French Basque Country, Midi-Pyrénées",NA,semi-soft,50,469,"dry, smooth",NA,NA,"buttery, nutty","buttery, nutty, rich",NA,NA,NA,NA,NA
Bassigny au porto,https://www.cheese.com/bassigny-au-porto/,cow,Belgium,NA,NA,semi-soft,45,469,NA,washed,yellow,"acidic, buttery",aromatic,NA,NA,Langres,NA,NA
Batzos,https://www.cheese.com/batzos/,"goat, sheep",Greece,"Central and Western Macedonia, Thessaly",NA,semi-hard,20,469,dry,NA,white,"piquant, salty, sour, spicy",pleasant,NA,NA,NA,NA,NA
Bavaria blu,https://www.cheese.com/bavaria-blu/,cow,Germany,NA,Blue,"soft, blue-veined",43.3,450,"creamy, soft",mold ripened,cream,"creamy, sharp, strong","aromatic, rich",NA,NA,"Bavaria blu - Tasty Blue, Bavaria blu - Rich & Creamy, Bavaria blu – Classic Blue, Bavaria blu – Mild & Blue",NA,Bergader Privatkäserei GmbH
Bavarian Bergkase,https://www.cheese.com/bavarian-bergkase/,cow,Germany,Allgaeu Alps,NA,"hard, artisan",62,469,"crumbly, firm, open",natural,pale yellow,"full-flavored, nutty, spicy","aromatic, rich",NA,NA,"Allgäuer Bergkäse DOP, Allgauer Bergkase",Bawarii Bergkäse,NA
Beaumont,https://www.cheese.com/beaumont/,cow,France,Rhône-Alpes,NA,semi-soft,50,469,"creamy, smooth",washed,pale yellow,NA,"barnyardy, earthy, mild, nutty, rich",NA,NA,NA,NA,NA
Beemster 2% Milk,https://www.cheese.com/beemster-2-milk/,cow,"Canada, Denmark, France, Germany, Netherlands, United States",NA,NA,semi-soft,8,469,smooth,NA,NA,nutty,"aromatic, floral, fruity",NA,NA,NA,NA,"Beemster Cheese, CONO Kaasmakers / Beemster"
Belletoile,https://www.cheese.com/belletoile/,cow,France,NA,Brie,"soft, soft-ripened",70,469,creamy,NA,NA,"garlicky, mild, mushroomy, nutty, tangy",mild,NA,NA,NA,NA,Fromagerie Henri Hutin
Bergues,https://www.cheese.com/bergues/,cow,France,Bergues,NA,semi-hard,15,469,smooth,washed,NA,"subtle, sweet",aromatic,NA,NA,NA,NA,NA
Bettine Bleu,https://www.cheese.com/bettine-bleu/,goat,Netherlands,NA,NA,semi-hard,39.6,469,NA,NA,NA,NA,NA,NA,NA,NA,NA,Bettinehoeve BV
Bianco,https://www.cheese.com/bianco/,cow,Germany,NA,NA,semi-hard,32.5,725,"creamy, open, soft",natural,pale yellow,"buttery, garlicky, mild",NA,NA,NA,NA,"Bianco Garlic, Bianco Original",Bergader Privatkäserei GmbH
Bica de Queijo,https://www.cheese.com/bica-de-queijo/,"cow, goat, sheep",Portugal,Póvoa de Lanhoso,NA,"semi-soft, artisan",45,469,"creamy, firm, smooth, springy",natural,ivory,"buttery, mild, salty",goaty,NA,NA,NA,"bag of cheese, Queijo de Bica, Bolsa de queso",NA
Bijou,https://www.cheese.com/bijou/,goat,United States,"Websterville, VT",NA,"semi-soft, artisan",11,469,"creamy, smooth",mold ripened,NA,"sharp, sweet, tangy, yeasty","fresh, yeasty",NA,NA,NA,NA,Vermont Creamery
Bishop Kennedy,https://www.cheese.com/bishop-kennedy/,cow,Scotland,"Kinfauns, Perthshire",NA,soft,45,469,smooth,washed,yellow,"creamy, strong",pungent,NA,NA,NA,NA,"Kinfauns Home Farm, Scotland"
Blenda,https://www.cheese.com/blenda/,"cow, sheep",Sweden,Oviken,NA,"hard, artisan",30,469,NA,natural,yellow,"acidic, fruity, mild, nutty",NA,NA,NA,NA,NA,Oviken cheese
Bleu de Laqueuille,https://www.cheese.com/bleu-de-laqueuille/,cow,France,Laqueuille,Blue,"soft, blue-veined",30,469,"creamy, smooth",natural,blue,"salty, spicy, tangy",earthy,NA,NA,NA,NA,NA
Bleubry,https://www.cheese.com/bleubry/,cow,Canada,Quebec,Blue,"soft, blue-veined",37,469,"creamy, smooth, supple",mold ripened,cream,"creamy, mild, savory",pungent,NA,NA,NA,NA,La Maison Alexis de Portneuf Inc.
Blu Della Casera,https://www.cheese.com/blu-della-casera/,"cow, sheep",Italy,Piedmont,NA,"soft, blue-veined",54,469,soft,leaf wrapped,ivory,"creamy, strong",NA,NA,NA,NA,NA,La Casera srl
Boeren-Leidse met sleutels,https://www.cheese.com/boeren-leidse-met-sleutels/,cow,Netherlands,Leiden,Gouda,"hard, artisan",30,469,"crumbly, firm",waxed,yellow,"fruity, spicy","aromatic, rich",NA,NA,"Farmers Leiden, Leidse kaas, Leyden cheese, Boeren-Leidse kaas, Boeren-Leidse, cumin cheese, Leyden, Boeren-Leidse met sleutels, Boeren Leidenkaas",NA,NA
Boivin Marbled Cheddar,https://www.cheese.com/boivin-marbled-cheddar/,cow,Canada,Quebec,Cheddar,"semi-soft, processed",31,469,"firm, smooth",rindless,golden orange,"mild, salty, sweet",buttery,NA,NA,NA,NA,La Fromagerie Boivin
Bonchester,https://www.cheese.com/bonchester/,cow,"Scotland, United Kingdom",Roxburghshire,NA,"soft, artisan",20,469,"close, smooth",natural,yellow,mild,grassy,NA,NA,NA,NA,NA
Bonifaz,https://www.cheese.com/bonifaz/,cow,Germany,NA,NA,soft,43.3,430,"creamy, soft",natural,cream,"creamy, garlicky, herbaceous, mild, milky, mushroomy, spicy",NA,NA,NA,NA,NA,Bergader Privatkäserei GmbH
Bonne Bouche,https://www.cheese.com/bonne-bouche/,goat,United States,Vermont,NA,soft,21,469,"creamy, fluffy, smooth",mold ripened,ivory,"citrusy, grassy",yeasty,NA,NA,NA,NA,Vermont Creamery
Bougon,https://www.cheese.com/bougon/,goat,France,NA,NA,"soft, artisan",50,469,firm,bloomy,white,acidic,fresh,NA,NA,NA,NA,NA
Boulette d'Avesnes,https://www.cheese.com/boulette-davesnes/,cow,France,Avesnes,NA,fresh soft,45,469,"creamy, smooth",washed,NA,spicy,stinky,NA,NA,NA,NA,NA
Boursin,https://www.cheese.com/boursin/,cow,France,Croisy-sur-Eure,NA,"soft, processed",60,469,"creamy, crumbly, spreadable",rindless,white,"buttery, full-flavored, herbaceous, smooth","fresh, strong",NA,NA,Gournay cheese,NA,Boursin Bel UK Ltd
Bra Duro DOP,https://www.cheese.com/bra/,cow,Italy,Piedmont,NA,hard,35,469,firm,natural,pale yellow,"salty, savory",NA,NA,NA,Bra Duro DOP,NA,NA
Braudostur,https://www.cheese.com/braudostur/,cow,Iceland,NA,NA,semi-hard,25,469,NA,NA,NA,sweet,strong,NA,NA,NA,NA,NA
Breakfast Cheese,https://www.cheese.com/breakfast-cheese/,cow,United States,California,NA,"fresh firm, soft-ripened",7,90,"dense, firm",rindless,white,"citrusy, tangy",fresh,NA,NA,Petite Breakfast,NA,Marin French Cheeese Co.
Brie de Melun,https://www.cheese.com/brie-de-melun/,cow,France,Ile de France,Brie,"semi-soft, soft-ripened",45,469,firm,bloomy,yellow,"salty, sharp, sour, strong","grassy, musty",NA,NA,Brie Noir,NA,NA
Brillat-Savarin,https://www.cheese.com/brillat-savarin/,cow,France,Ile de France,NA,"soft, artisan",75,469,"creamy, dense",mold ripened,white,"buttery, nutty, sour",milky,NA,NA,NA,NA,NA
Brin,https://www.cheese.com/brin/,cow,France,Rhone-Alps,NA,"semi-soft, artisan",40,469,"creamy, spreadable",washed,golden orange,"buttery, sweet","aromatic, nutty, yeasty",NA,NA,NA,NA,Fromagerie GUILLOTEAU
Brise du Matin,https://www.cheese.com/brise-du-matin/,cow,Canada,Quebec,Brie,"soft, soft-ripened",30,469,"buttery, creamy, runny, soft, soft-ripened",bloomy,cream,"buttery, mushroomy, nutty, pronounced",fresh,NA,NA,Légère Brise du Matin,NA,La Maison Alexis de Portneuf Inc.
Brocciu,https://www.cheese.com/brocciu/,"goat, sheep",France,Corsica,Cottage,"fresh soft, whey",40,469,"creamy, crumbly, smooth",rindless,white,"milky, sweet",sweet,NA,NA,"Brocciu AOC, Brocciu AOP",NA,NA
Bruder Basil,https://www.cheese.com/bruder-basil/,cow,Germany,Bavaria,NA,"semi-soft, artisan",45,469,"creamy, open, smooth",washed,pale yellow,"mild, savory, smokey","rich, smokey",NA,NA,NA,NA,Bergader Private Cheese Dairy
Brunost,https://www.cheese.com/brunost/,"cow, goat","Denmark, Finland, Germany, Iceland, Norway, Sweden",NA,NA,"semi-soft, whey",27,360,dense,natural,brown,"caramel, sweet",NA,NA,NA,"mysost, mesost, meesjuusto, mysuostur, myseost, Braunkäse, geitost, Ekte Geitost, Gudbrandsdalsost",NA,NA
Bucheret,https://www.cheese.com/bucheret/,goat,United States,California,Brie,"soft, artisan, soft-ripened",10,469,"buttery, chalky, dense, smooth, soft-ripened",bloomy,white,"buttery, mushroomy, nutty, tangy",rich,NA,NA,NA,NA,Redwood Hill Farm & Creamery
Buchette d'Anjou,https://www.cheese.com/buchette-danjou/,goat,France,Loire,NA,soft,45,469,"firm, grainy",artificial,ivory,"acidic, citrusy",aromatic,NA,NA,NA,NA,Various
Burgos,https://www.cheese.com/burgos/,"cow, sheep",Spain,Castille-Leon,NA,fresh soft,46,469,creamy,rindless,white,"mild, milky",fresh,NA,NA,"Queso de Burgos, Fromage Burgos, Burgos käse",NA,NA
Butterkase,https://www.cheese.com/butterkase/,cow,"Austria, Germany",NA,NA,semi-soft,50,469,"creamy, smooth, spreadable",natural,pale yellow,"buttery, mild",NA,NA,NA,"butter cheese, Butterkäse",NA,NA
Buttermilk Blue,https://www.cheese.com/buttermilk-blue/,cow,United States,Wisconsin,NA,"semi-hard, blue-veined",8,469,"creamy, crumbly",natural,pale yellow,"piquant, tangy",fresh,NA,NA,NA,NA,Emmi Roth USA
Buxton Blue,https://www.cheese.com/buxton-blue/,cow,"England, United Kingdom","Buxton, Derbyshire",Blue,"soft, artisan, blue-veined",45,469,crumbly,natural,yellow,tangy,NA,NA,NA,NA,NA,NA
Bûchette à la Sarriette,https://www.cheese.com/buchette-la-sarriette/,goat,France,NA,NA,"soft, processed",45,469,NA,NA,NA,NA,NA,NA,NA,NA,NA,NA
Cacio De Roma®,https://www.cheese.com/cacio-de-roma/,sheep,Italy,NA,NA,"semi-soft, artisan",20,469,semi firm,NA,ivory,mild,sweet,NA,NA,Rustico Red Pepper Pecorino,NA,NA
Cacio di Bosco al Tartufo,https://www.cheese.com/cacio-di-bosco-al-tartufo/,"cow, sheep",Italy,Tuscany,NA,"semi-firm, artisan",55,469,"crumbly, firm",NA,ivory,"nutty, sour, sweet",strong,NA,NA,NA,NA,Cooperativa Agricola IL FORTETO
Caerphilly,https://www.cheese.com/caerphilly/,cow,"United Kingdom, Wales","Wales, London",Cheddar,hard,48,469,"crumbly, dense",natural,white,"citrusy, mild, tangy",fresh,NA,NA,"Duckett's Caerphilly, Duckett's Aged Caerphilly",NA,NA
Camembert des Camarades,https://www.cheese.com/camembert-des-camarades/,cow,Canada,Quebec,Camembert,"soft, soft-ripened",30,469,"creamy, soft, soft-ripened",bloomy,ivory,"buttery, nutty, subtle, sweet","aromatic, fresh",NA,NA,NA,NA,La Maison Alexis de Portneuf Inc.
Caprano,https://www.cheese.com/caprano/,goat,Canada,Quebec,NA,"hard, semi-hard",26,469,"crumbly, open, smooth",natural,pale yellow,pronounced,"goaty, strong",NA,NA,NA,Aged Caprano,La Maison Alexis de Portneuf Inc.
Caprice des Dieux,https://www.cheese.com/caprice-des-dieux/,cow,France,Illoud (Haute-Marne),NA,"soft, soft-ripened",60,469,"creamy, smooth",bloomy,white,"buttery, nutty, smooth",fresh,NA,NA,NA,NA,Savencia Fromage & Dairy
Caravane,https://www.cheese.com/caravane/,camel,Mauritania,NA,NA,"soft, artisan",22,469,creamy,bloomy,white,"salty, sweet",NA,NA,NA,Camelbert,NA,Tiviski
Carrot Rebel,https://www.cheese.com/carrot-rebel/,cow,Austria,Sulzberg,NA,"semi-hard, artisan",50,469,creamy,natural,orange,"creamy, fruity, nutty, sweet","aromatic, fruity, sweet",NA,NA,Rüblirebell,NA,Sulzberger Käserebellen Sennerei GmbH
Casciotta di Urbino,https://www.cheese.com/casciotta-di-urbino/,"cow, sheep",Italy,Pesaro-Urbino,Caciotta,"semi-soft, artisan",45,469,"creamy, crumbly, open",waxed,straw,"acidic, milky, nutty","grassy, pleasant",NA,NA,NA,"Casciotta di Urbino D.O.P, Casciotta di Urbino PDO, Casciotta d’Urbino",Caseificio Val D’Apsa
Castelmagno,https://www.cheese.com/castelmagno/,"cow, goat, sheep",Italy,Piedmont,Blue,semi-hard,34.2,4768,"crumbly, dense, grainy",washed,ivory,"sharp, spicy, strong",strong,NA,NA,NA,"Castelmagno PDO, Castelmagno di alpeggio, Castelmagno prodotto della montagna",NA
Castelo Branco,https://www.cheese.com/castelo-branco/,"goat, sheep",Portugal,"Castelo Branco, Fundão and Idanha-a-Nova",NA,"semi-soft, artisan",45,469,"brittle, creamy, crumbly, firm, smooth",natural,pale yellow,"sour, spicy, tangy",aromatic,NA,NA,NA,Queijo de Castelo Branco,NA
Cave Rebel,https://www.cheese.com/cave-rebel/,cow,Austria,Sulzberg,NA,"hard, artisan",50,469,"compact, crumbly, firm, open",natural,pale yellow,"creamy, grassy","aromatic, nutty",NA,NA,Höhlenrebell,NA,Sulzberger Käserebellen Sennerei GmbH
Cendre d'Olivet,https://www.cheese.com/cendre-dolivet/,cow,France,Centre-Val de Loire,NA,"soft, artisan",45,469,"smooth, supple",natural,ivory,"mild, smooth","earthy, pungent",NA,NA,NA,Olivet Cendre,NA
Cendré des Prés,https://www.cheese.com/cendre-des-pres/,cow,Canada,Quebec,Brie,"soft, artisan, soft-ripened",27,469,"buttery, creamy, soft",bloomy,ivory,"acidic, buttery, creamy, fruity, mushroomy","aromatic, buttery, floral, lactic, mushroom, woody",NA,NA,NA,NA,Fromagerie Domaine Féodal inc.
Chaumes,https://www.cheese.com/chaumes/,cow,France,St Antoine,NA,"soft, semi-soft, soft-ripened",50,469,"creamy, smooth, springy, supple",washed,pale yellow,"full-flavored, nutty","aromatic, strong",NA,NA,NA,Chaumes la Crème,NA
Chavroux,https://www.cheese.com/chavroux/,goat,France,NA,NA,soft,12,469,"creamy, spreadable",NA,white,"creamy, mild","fresh, goaty",NA,NA,NA,NA,NA
Chevrotin des Aravis,https://www.cheese.com/chevrotin-des-aravis/,goat,France,Haute-Savoie / Upper Savoy,NA,"soft, artisan, brined",45,469,"creamy, smooth",washed,pale yellow,"full-flavored, herbaceous, sweet","aromatic, floral, goaty",NA,NA,NA,NA,NA
Chèvre des neiges,https://www.cheese.com/chevre-des-neiges/,"cow, goat",Canada,Quebec,NA,fresh soft,24,469,"soft, spreadable, supple",rindless,white,"fruity, mild, nutty","aromatic, fresh, fruity",NA,NA,NA,"Chèvre des neiges coconut, Chèvre des neiges fig & orange",La Maison Alexis de Portneuf Inc.
Civray,https://www.cheese.com/civray/,goat,France,NA,NA,"soft, artisan",45,469,"creamy, firm",natural,pale yellow,"acidic, sweet",pleasant,NA,NA,NA,NA,NA
ColoRouge,https://www.cheese.com/colorouge/,cow,United States,Colorado,NA,"soft, artisan, smear-ripened",12,469,"creamy, soft",washed,white,"acidic, buttery, creamy, earthy","buttery, earthy, mild, spicy",NA,NA,MouCo ColoRouge,NA,MouCo Cheese Company
Colston Bassett Stilton,https://www.cheese.com/colston-bassett-stilton/,cow,"England, Great Britain, United Kingdom",East Midlands,Blue,"semi-hard, artisan",33,469,"buttery, creamy",natural,cream,"buttery, fruity",NA,NA,NA,NA,NA,Colston Bassett Dairy Limited
Comox Brie,https://www.cheese.com/comox-brie/,cow,Canada,British Columbia,Brie,"soft, soft-ripened",26,469,"buttery, creamy, runny, soft, soft-ripened",bloomy,ivory,"buttery, creamy","mushroom, pungent",NA,NA,NA,NA,Natural Pastures Cheese Company
Comox Camembert,https://www.cheese.com/comox-camembert/,cow,Canada,Quebec,Camembert,"soft, artisan, soft-ripened",28,469,"buttery, chalky, creamy, soft, soft-ripened, supple",bloomy,pale yellow,"buttery, creamy, mushroomy","milky, mushroom, pungent",NA,NA,NA,NA,Natural Pastures Cheese Company
Comtomme,https://www.cheese.com/comtomme/,cow,Canada,Québec,Tomme,"semi-soft, artisan",28,469,"firm, supple",washed,golden yellow,"buttery, fruity","buttery, fruity",NA,NA,NA,NA,Fromagerie La Station
Cooleney,https://www.cheese.com/cooleney/,cow,Ireland,Tipperary,Camembert,"soft, artisan",45,469,"creamy, smooth",mold ripened,white,"bitter, buttery, mushroomy",NA,NA,NA,NA,Cooleeney Farmhouse Cheese,Cooleeney Farm
Coquetdale,https://www.cheese.com/coquetdale/,cow,England,Coquet,NA,"semi-hard, soft-ripened",55,469,creamy,natural,pale yellow,fruity,rich,NA,NA,NA,NA,Northumberland Cheese Company
Corleggy,https://www.cheese.com/corleggy/,goat,Ireland,County Cavan,NA,"hard, artisan",40,469,NA,natural,NA,"mild, nutty",NA,NA,NA,NA,NA,Corleggy Cheeses
Cornish Pepper,https://www.cheese.com/cornish-pepper/,cow,England,NA,Cornish,"soft, artisan",45,469,creamy,natural,white,smooth,rich,NA,NA,NA,NA,Lynher Valley Dairy
Cotherstone,https://www.cheese.com/cotherstone/,cow,"England, United Kingdom",Cotherstone,NA,"semi-hard, artisan",45,469,"crumbly, open",waxed,pale yellow,"acidic, citrusy, tangy",fresh,NA,NA,NA,NA,NA
Cougar Gold,https://www.cheese.com/cougar-gold/,cow,United States,"Pullman, Washington",Cheddar,semi-soft,14,469,"creamy, crumbly, crystalline, firm, smooth",rindless,white,"nutty, sharp",NA,NA,NA,NA,NA,WSU Creamery
Cracked Pepper Chevre,https://www.cheese.com/cracked-pepper-chevre/,goat,United States,Colorado,NA,"semi-soft, artisan",5,469,"creamy, crumbly, firm",rindless,white,"savory, spicy","clean, fresh",NA,NA,NA,NA,Haystack Mountain Creamery
Crayeux de Roncq,https://www.cheese.com/crayeux-de-roncq/,cow,France,Roncq,NA,"soft, artisan, soft-ripened",45,469,"creamy, grainy",washed,orange,"full-flavored, strong, sweet",NA,NA,NA,Carré du Vinage,NA,NA
Cream Havarti,https://www.cheese.com/cream-havarti/,cow,Denmark,NA,Havarti,"semi-soft, processed",45,469,smooth,rindless,pale yellow,"buttery, creamy, sweet",sweet,NA,NA,"Havarathi, Flødeis Havarti, Smoked Havarti",Flodeis Havarti,NA
"Cremig Extra Würzig, Bergkäse Aus Dem Schweizer Jura",https://www.cheese.com/cremig-extra-wurzig-bergkase-aus-dem-schweizer-jura/,cow,Switzerland,Jura,Swiss Cheese,"hard, artisan",51,469,creamy,natural,cream,"creamy, spicy",NA,NA,NA,extra-creamy spicy mountain cheese from the Swiss Jura,NA,Walo von Mühlenen AG
Cremont,https://www.cheese.com/cremont/,"cow, goat",United States,Vermont,NA,"soft, artisan",14,469,"creamy, smooth",mold ripened,cream,"creamy, nutty, smooth, yeasty","nutty, yeasty",NA,NA,NA,NA,Vermont Creamery
CréMonté,https://www.cheese.com/cremonte/,cow,Germany,Landshut,Blue,"soft, blue-veined",60,469,"creamy, smooth",mold ripened,ivory,"creamy, mild",pleasant,NA,NA,NA,NA,Bayerische Milchindustrie eG
Cure Nantais,https://www.cheese.com/cure-nantais/,cow,France,Anjou,NA,"soft, artisan",40,469,"open, sticky, supple",NA,straw,"smokey , spicy",NA,NA,NA,Nantais,NA,Various
Curworthy,https://www.cheese.com/curworthy/,cow,England,Devon,NA,semi-hard,48,469,creamy,natural,cream,buttery,fresh,NA,NA,NA,NA,Rachel Stephens
L'Empereur,https://www.cheese.com/lempereur/,NA,Canada,Quebec,NA,"soft, artisan",15,469,"creamy, supple",washed,cream,"buttery, salty","fruity, milky, nutty",NA,NA,"Empereur allégé, L’Empereur Léger",NA,Fromagerie Fritz Kaiser
L'Étoile de St-Raymond,https://www.cheese.com/letoile-de-st-raymond/,NA,Canada,Quebec,NA,soft,35,469,"buttery, creamy",ash coated,ivory,"buttery, grassy, milky",mushroom,NA,NA,NA,L’Étoile De Saint-Raymond,La Maison Alexis de Portneuf Inc.
La Bonaparte,https://www.cheese.com/la-bonaparte/,cow,Canada,Quebec,Brie,"soft, soft-ripened",28,469,"creamy, soft, soft-ripened, supple",bloomy,cream,"creamy, mild, milky","fresh, mild",NA,NA,NA,NA,La Maison Alexis de Portneuf Inc.
La Sauvagine,https://www.cheese.com/la-sauvagine/,cow,Canada,Quebec,NA,soft,32,469,"buttery, creamy, runny, supple",washed,ivory,"buttery, creamy",mushroom,NA,NA,NA,NA,La Maison Alexis de Portneuf Inc.
La Sauvagine Réserve,https://www.cheese.com/la-sauvagine-reserve/,cow,Canada,Quebec,NA,soft,38,469,"buttery, creamy, runny, supple",washed,ivory,"buttery, creamy, mild, milky",mushroom,NA,NA,NA,NA,La Maison Alexis de Portneuf Inc.
La Serena,https://www.cheese.com/la-serena/,sheep,Spain,Extremadura,NA,soft,50,469,"creamy, spreadable",washed,straw,"bitter, full-flavored, sharp, strong","pleasant, strong",NA,NA,NA,"Torta La Serena, Queso de la Serena, Torta de la Serena",NA
La Taupiniere,https://www.cheese.com/la-taupiniere/,goat,France,Poitou-Charentes,NA,"soft, artisan",45,469,"creamy, smooth",natural,white,"sour, tangy","aromatic, nutty",NA,NA,Taupinette,Taupiniere,Fromagerie Jousseaume
Lajta,https://www.cheese.com/lajta/,cow,Hungary,NA,NA,soft,50,469,"creamy, open",washed,yellow,piquant,"aromatic, stinky, strong",NA,NA,NA,NA,NA
Le Brebiou,https://www.cheese.com/le-brebiou/,sheep,France,Pyrénées-Atlantiques,Brie,"semi-soft, artisan, soft-ripened",26,469,"creamy, firm, smooth",bloomy,white,"mild, milky, sweet",musty,NA,NA,Brebiou sheep cheese,Brebiou ligne et plaisir,NA
Le Brin,https://www.cheese.com/le-brin/,cow,France,Rhone-Alps,NA,"semi-soft, artisan",40,469,"creamy, spreadable",washed,white,"buttery, sweet","aromatic, nutty, yeasty",NA,NA,NA,NA,Fromagerie GUILLOTEAU
Le Cendrillon,https://www.cheese.com/le-cendrillon/,goat,Canada,Quebec,NA,soft,25,469,"creamy, smooth",ash coated,ivory,"acidic, pronounced, sour",goaty,NA,NA,NA,NA,La Maison Alexis de Portneuf Inc.
Le Chevrot,https://www.cheese.com/le-chevrot/,goat,France,Loire Valley,NA,soft,50,469,"creamy, dense, firm",mold ripened,cream,"herbaceous, nutty, strong","goaty, strong",NA,NA,NA,NA,SEVRE & BELLE
Le Double Joie,https://www.cheese.com/le-double-joie/,"cow, goat",Canada,Quebec,Brie,"soft, soft-ripened",27,469,"buttery, creamy, runny",bloomy,cream,"buttery, creamy",mushroom,NA,NA,NA,NA,La Maison Alexis de Portneuf Inc.
Le Fium Orbo,https://www.cheese.com/le-fium-orbo/,"goat, sheep",France,NA,NA,soft,50,469,soft-ripened,natural,NA,NA,NA,NA,NA,NA,NA,NA
Le Gruyère AOP,https://www.cheese.com/le-gruyere-aop/,cow,Switzerland,NA,NA,hard,49,469,compact,NA,NA,sweet,earthy,NA,NA,NA,NA,NA
Le Lacandou,https://www.cheese.com/le-lacandou/,sheep,France,Aveyron,NA,"soft, artisan",45,469,creamy,natural,pale yellow,fruity,grassy,NA,NA,NA,NA,NA
Le Reflet de Portneuf,https://www.cheese.com/le-reflet-de-portneuf/,NA,Canada,Quebec,NA,soft,30,469,"buttery, creamy",washed,cream,"buttery, creamy, mushroomy",NA,NA,NA,NA,NA,La Maison Alexis de Portneuf Inc.
Le St-Raymond,https://www.cheese.com/le-st-raymond/,NA,Canada,Quebec,NA,soft,20,469,"smooth, supple",washed,ivory,"fruity, nutty, woody",NA,NA,NA,NA,Le Saint-Raymond,La Maison Alexis de Portneuf Inc.
Leafield,https://www.cheese.com/leafield/,sheep,Great Britain,Oxfordshire,Brie,"hard, artisan",48,469,chewy,natural,pale yellow,fruity,fruity,NA,NA,NA,NA,NA
Lebbene,https://www.cheese.com/lebbene/,"goat, sheep",Israel,NA,NA,soft,45,469,NA,natural,white,mild,mild,NA,NA,Gibne,"Lebney, Labaneh",NA
Lemon Myrtle Chevre,https://www.cheese.com/lemon-myrtle-chevre/,goat,Australia,South Australia,NA,"fresh firm, artisan",45,469,"creamy, firm, smooth",rindless,white,"acidic, herbaceous","fresh, herbal",NA,NA,NA,NA,Woodside Cheese Wrights
Leyden,https://www.cheese.com/leyden/,cow,Netherlands,Leiden,Gouda,"semi-hard, artisan",30,469,firm,NA,yellow,"spicy, tangy",aromatic,NA,NA,"Leidse Kaas, Cumin cheese, Boeren-Leidse, Boeren-Leidse kaas, Farmers Leiden",NA,NA
Liliputas,https://www.cheese.com/liliputas/,cow,Lithuania,Belvederis,NA,semi-hard,50,469,"elastic, firm",waxed,yellow,milky,"fresh, lactic",NA,NA,NA,NA,NA
Limburger,https://www.cheese.com/limburger/,cow,"Belgium, Germany, Netherlands",Duchy of Limburg,NA,"semi-soft, smear-ripened",42,497,"crumbly, firm, smooth",washed,straw,"grassy, mild, mushroomy",stinky,NA,NA,NA,Limburger Kase,NA
Little Rydings,https://www.cheese.com/little-rydings/,sheep,England,North Wootton,NA,"soft, artisan",48,469,"creamy, smooth, springy",mold ripened,white,"mild, sweet","rich, sweet",NA,NA,NA,NA,Wootton Organic Dairy
Llanglofan Farmhouse,https://www.cheese.com/llanglofan-farmhouse/,cow,"Great Britain, United Kingdom, Wales",Pembrokeshire,NA,"hard, artisan",45,469,"crumbly, firm, smooth",natural,yellow,"citrusy, savory, smokey , spicy","lactic, smokey",NA,NA,NA,"Llangloffan White Farmhouse Cheese, Llangloffan Red Farmhouse Cheese, Llangloffan Smoked Farmhouse Cheese, Llangloffan Garlic & Chive Farmhouse Cheese",CARMARTHENSHIRE CHEESE COMPANY
Loch Arthur Farmhouse,https://www.cheese.com/loch-arthur-farmhouse/,cow,Scotland,Dumfries,Cheddar,hard,48,469,firm,NA,NA,nutty,NA,NA,NA,NA,NA,Loch Arthur Creamery
Maasdam,https://www.cheese.com/maasdam/,cow,Netherlands,All Holland,Gouda,semi-hard,45,469,"creamy, open, supple",NA,pale yellow,"buttery, nutty, sweet",fruity,NA,NA,NA,Maasdammer,NA
Magna,https://www.cheese.com/magna/,cow,Sweden,Oviken,Blue,"firm, artisan, blue-veined",34,469,NA,mold ripened,ivory,"full-flavored, salty, sharp",NA,NA,NA,NA,NA,Oviken cheese
Maisie's Kebbuck,https://www.cheese.com/maisies-kebbuck/,cow,"Great Britain, Scotland, United Kingdom",Lanarkshire,NA,"semi-hard, artisan",29.8,469,"creamy, crumbly",natural,white,NA,fresh,NA,NA,NA,NA,Errington Cheese Ltd.
Malvern,https://www.cheese.com/malvern/,sheep,"England, Great Britain, United Kingdom",Severn Valley,NA,"semi-hard, artisan",50,469,"creamy, dense",NA,ivory,"butterscotch, herbaceous, sweet",NA,NA,NA,NA,NA,NA
Mamirolle,https://www.cheese.com/mamirolle/,cow,"Canada, France","Plessisville, Quebec",NA,"semi-soft, artisan",23,469,"chewy, supple",washed,ivory,"buttery, fruity, salty, sweet","earthy, pungent",NA,NA,NA,NA,Eco-Delices Inc.
Mandolin,https://www.cheese.com/mandolin/,cow,Australia,South Australia,NA,"semi-hard, artisan, smear-ripened",45,469,"crumbly, soft, supple",leaf wrapped,pale yellow,"creamy, grassy, smooth","grassy, herbal",NA,NA,NA,NA,Woodside Cheese Wrights
Mango Rebel,https://www.cheese.com/mango-rebel/,cow,Austria,Sulzberg,NA,"semi-hard, artisan",50,469,"creamy, firm",natural,pale yellow,"fruity, spicy","fresh, fruity",NA,NA,Mangorebell,NA,Sulzberger Käserebellen Sennerei GmbH
Manon,https://www.cheese.com/manon/,goat,Australia,South Australia,NA,"fresh soft, artisan",45,469,"creamy, smooth",leaf wrapped,white,"creamy, garlicky, spicy, strong","aromatic, garlicky, spicy, strong",NA,NA,NA,NA,Woodside Cheese Wrights
Manouri,https://www.cheese.com/manouri/,"goat, sheep",Greece,"Central and Western Macedonia, Thessalia",Feta,"semi-soft, whey",36,469,creamy,rindless,white,"mild, milky","clean, nutty, subtle",NA,NA,Manoypi,NA,NA
Manur,https://www.cheese.com/manur/,"cow, sheep",Serbia,NA,NA,"hard, artisan",40,469,creamy,natural,NA,salty,NA,NA,NA,NA,NA,NA
Maribo,https://www.cheese.com/maribo/,cow,Denmark,Maribo,Gouda,"semi-hard, artisan",35,469,"creamy, firm, open",waxed,pale yellow,tangy,strong,NA,NA,NA,NA,NA
Matocq,https://www.cheese.com/matocq/,"cow, sheep",France,NA,NA,"semi-hard, processed",50,469,chewy,NA,cream,"acidic, nutty",nutty,NA,NA,NA,NA,NA
Mature Wensleydale,https://www.cheese.com/mature-wensleydale/,cow,"England, United Kingdom",North Yorkshire,NA,"hard, artisan",48,469,crumbly,cloth wrapped,pale yellow,strong,"rich, ripe",NA,NA,NA,Ryp Wensleydale,Wensleydale Creamery
McLaren,https://www.cheese.com/mclaren/,cow,Australia,South Australia,Camembert,"soft, artisan, soft-ripened",35,469,"chalky, creamy, soft, soft-ripened",bloomy,pale yellow,"creamy, mushroomy, smooth","mushroom, rich, strong",NA,NA,NA,NA,Woodside Cheese Wrights
Mihalic Peynir,https://www.cheese.com/mihalic-peynir/,sheep,Turkey,Bursa,NA,"hard, artisan",45,469,"crumbly, grainy, open",NA,pale yellow,salty,strong,NA,NA,NA,NA,NA
Milawa Brie,https://www.cheese.com/milawa-brie/,cow,Australia,North East Victoria,Brie,"soft, soft-ripened",27,469,creamy,mold ripened,pale yellow,"buttery, milky",NA,NA,NA,NA,NA,Milawa Cheese Company
Milleens,https://www.cheese.com/milleens/,cow,Ireland,"Beara Peninsula, Co. Cork",NA,"soft, artisan",45,469,"creamy, smooth",washed,pale yellow,"floral, herbaceous, sweet",aromatic,NA,NA,NA,NA,Milleens Cheese Ltd.
Minas cheese,https://www.cheese.com/minas-cheese/,cow,Brazil,Minas Gerais,NA,"semi-soft, artisan",40,469,"grainy, open, soft, springy",rindless,white,"bitter, mild, salty, strong",NA,NA,NA,"Queijos de Minas Frescal , Queijo Minas Meia Cura, Queijo Minas Curado, Queijo Padrão",Queijo Minas,NA
MitiCaña® de Oveja,https://www.cheese.com/miticana-de-oveja/,sheep,Spain,Murcia,NA,"semi-soft, soft-ripened",13,469,"buttery, crumbly, flaky",bloomy,white,"buttery, tangy",buttery,NA,NA,"Miticana de Oveja, MitiCaña de Oveja",NA,NA
Mladi Trapist,https://www.cheese.com/mladi-trapist/,cow,Croatia,Dalmatia,NA,"semi-hard, artisan",50,469,"crumbly, semi firm",natural,white,"grassy, savory",aromatic,NA,NA,NA,NA,SIRANA GLIGORA D.O.O
Monet,https://www.cheese.com/monet/,goat,Australia,South Australia,NA,"fresh soft, artisan",22,469,"creamy, soft",NA,white,"floral, herbaceous","floral, fresh",NA,NA,NA,NA,Woodside Cheese Wrights
Mont St-Benoît,https://www.cheese.com/mont-st-benoit/,cow,Canada,Quebec,Swiss Cheese,"firm, artisan",31,469,"creamy, elastic, smooth, supple",rindless,NA,"buttery, creamy, mild, nutty","fermented, mild, nutty",NA,NA,NA,NA,Abbey de Saint-Benoit-du-lac
Montsalvat,https://www.cheese.com/montsalvat/,cow,Germany,Landshut,Blue,"soft, blue-veined",60,469,"creamy, soft",NA,ivory,"creamy, mild",NA,NA,NA,NA,NA,Bayerische Milchindustrie eG
Moose,https://www.cheese.com/moose/,moose,Sweden,Bjurholm,NA,fresh soft,12,469,"creamy, smooth",NA,NA,smooth,NA,NA,NA,NA,NA,Algens Hus
MouCo Truffello,https://www.cheese.com/truffello/,cow,United States,Colorado,NA,"soft, artisan, soft-ripened",12,469,"creamy, soft",washed,white,"buttery, creamy, earthy","earthy, fruity",NA,NA,Truffello,NA,MouCo Cheese Company
Mountain Herbs Rebel,https://www.cheese.com/mountain-herbs-rebel/,cow,Austria,Sulzberg,NA,"semi-hard, artisan",50,469,"creamy, smooth",natural,pale yellow,"creamy, nutty, spicy","aromatic, grassy, sweet",NA,NA,Bergkräuterrebell,NA,Sulzberger Käserebellen Sennerei GmbH
Mountain Rebel,https://www.cheese.com/mountain-rebel/,cow,Austria,Sulzberg,NA,"semi-hard, artisan",50,469,"compact, creamy",natural,yellow,"creamy, fruity","aromatic, spicy",NA,NA,Bergrebell,NA,Sulzberger Käserebellen Sennerei GmbH
Mozzarella (Australian),https://www.cheese.com/mozzarella-australian/,"cow, water buffalo",Australia,NA,Pasta filata,"semi-soft, brined",45,469,"springy, stringy, supple",rindless,white,milky,"fresh, milky",NA,NA,NA,Australian Mozzarella,NA
Mozzarella di Bufala DOP,https://www.cheese.com/mozzarella-di-bufala/,water buffalo,Italy,"Campania, Paestum, Foggia",Pasta filata,"soft, brined",21,469,"creamy, smooth, springy",NA,white,"floral, mild, milky, sour",fresh,NA,NA,"Buffalo mozzarella, Mozzarella di Bufala Campana",NA,Casa Madaio
Murol,https://www.cheese.com/murol/,cow,France,NA,NA,"semi-soft, artisan",45,469,"creamy, firm, springy",washed,ivory,"mild, milky, savory, sweet",aromatic,NA,NA,NA,"murolait, trou de murol",La Fromagerie du Grand Murols
Mycella,https://www.cheese.com/mycella/,cow,Denmark,Bornholm,NA,"soft, artisan, blue-veined",50,469,crystalline,rindless,pale yellow,mild,NA,NA,NA,Danish Gorgonzola,NA,Various
Météorite,https://www.cheese.com/meteorite/,cow,Canada,Quebec,Blue,"soft, blue-veined",37,469,"creamy, supple",ash coated,straw,mild,NA,NA,NA,NA,NA,La Maison Alexis de Portneuf Inc.
P'tit Basque,https://www.cheese.com/ptit-basque/,sheep,France,"Basque, Pyrenees Mountains",NA,"semi-hard, artisan",45,469,"creamy, dry, smooth",natural,ivory,"earthy, mild, nutty, pungent, subtle, sweet","fresh, lactic, pleasant",NA,NA,NA,Petit Basque,NA
Pacific Rock,https://www.cheese.com/pacific-rock/,cow,Canada,Quebec,NA,hard,30,469,"crumbly, firm",washed,orange,"buttery, earthy, nutty, subtle","fruity, rich",NA,NA,NA,NA,La Maison Alexis de Portneuf Inc.
Paesanella Buffalo Mozzarella,https://www.cheese.com/paesanella-buffalo-mozzarella/,"buffalo, cow",Australia,New South Wales,Mozzarella,NA,25.8,469,NA,rindless,white,NA,NA,NA,NA,Bufala Mozzarella,NA,Paesanella Cheese Manufacturers
Paesanella Burrata,https://www.cheese.com/paesanella-burrata/,cow,Australia,NA,Mozzarella,"fresh soft, artisan",25.4,469,"creamy, soft",NA,white,"buttery, milky, smooth","fresh, milky, rich, sweet",NA,NA,NA,NA,Paesanella Cheese Manufacturers
Paesanella Fresco,https://www.cheese.com/paesanella-fresco/,cow,Australia,NA,Pecorino,"semi-hard, artisan",18.4,469,"chewy, firm",rindless,pale yellow,"mild, tangy",mild,NA,NA,Pecorino Fresco,Fresco Fresh Pecorino style,Paesanella Cheese Manufacturers
Paillot de Chèvre,https://www.cheese.com/paillot-de-chevre/,goat,Canada,Quebec,NA,"soft, soft-ripened",26,469,"firm, runny, smooth, soft-ripened",bloomy,white,"acidic, nutty, tangy","goaty, lactic",NA,NA,NA,NA,La Maison Alexis de Portneuf Inc.
Paneer,https://www.cheese.com/paneer/,"cow, water buffalo","Bangladesh, India",NA,Cottage,fresh firm,20.8,208,"crumbly, firm",rindless,white,milky,"fresh, milky",NA,NA,"Chhena, Chhana",NA,NA
Pannerone,https://www.cheese.com/pannerone/,cow,Italy,Lodi,NA,"soft, semi-soft, artisan",50,469,"creamy, grainy, open",natural,ivory,"bitter, buttery, smooth, sweet",rich,NA,NA,NA,NA,NA
Paprika Rebel,https://www.cheese.com/paprika-rebel/,cow,Austria,Sulzberg,NA,"semi-hard, artisan",50,469,creamy,natural,pale yellow,"smokey , spicy","smokey, spicy",NA,NA,Paprikarebell,NA,Sulzberger Käserebellen Sennerei GmbH
Passendale,https://www.cheese.com/passendale/,cow,Belgium,Passendale,NA,"semi-soft, soft-ripened",28,469,creamy,natural,golden orange,mild,sweet,NA,NA,NA,NA,NA
Pate de Fromage,https://www.cheese.com/pate-de-fromage/,"goat, sheep",France,NA,NA,soft,50,469,NA,NA,NA,NA,NA,NA,NA,"Pâte de fromage, Pâte fromage",NA,NA
Pave d'Affinois,https://www.cheese.com/pave-daffinois/,cow,France,NA,NA,"fresh soft, soft-ripened",60,469,"creamy, smooth",bloomy,ivory,"grassy, mild, milky, sweet","fresh, milky, pleasant",NA,NA,Fromager D'Affinois,Pave Affinois,Fromagerie GUILLOTEAU
Pave d'Auge,https://www.cheese.com/pave-dauge/,cow,France,NA,NA,semi-soft,50,469,smooth,washed,pale yellow,"buttery, smooth",NA,NA,NA,"pavé de Moyaux, pavé du Plessis, Trouville",NA,Various
Peau Rouge,https://www.cheese.com/peau-rouge/,cow,Canada,Quebec,NA,hard,25,469,"crumbly, firm",washed,pale yellow,"caramel, nutty, woody",strong,NA,NA,NA,NA,Les Dépendances
Pecorino in Walnut Leaves,https://www.cheese.com/pecorino-in-walnut-leaves/,sheep,Italy,Emilia-Romagna,Pecorino,"hard, artisan",40,469,"dense, firm",leaf wrapped,white,"buttery, herbaceous, nutty, sweet","earthy, herbal",NA,NA,"Pecorino Foglie De Noce, Pecorino Aged in Walnut Leaves",Walnut tree leaf Pecorino cheese,NA
Peekskill Pyramid,https://www.cheese.com/peekskill-pyramid/,cow,United States,Peekskill,Brie,"soft, artisan",50,469,creamy,rindless,pale yellow,"buttery, sour, sweet",rich,NA,NA,NA,NA,Egg Farm Dairy
Pelardon des Corbieres,https://www.cheese.com/pelardon-des-corbieres/,goat,France,Languedoc-Roussillon,NA,soft,45,469,NA,NA,NA,"acidic, sweet",NA,NA,NA,NA,NA,NA
Penbryn,https://www.cheese.com/penbryn/,cow,"Great Britain, United Kingdom, Wales",NA,Gouda,hard,45,469,NA,NA,NA,"buttery, fruity, grassy, nutty, sweet",NA,NA,NA,NA,NA,NA
Pencarreg,https://www.cheese.com/pencarreg/,cow,Great Britain,Wales,Brie,"soft, blue-veined",40,469,creamy,natural,pale yellow,smooth,rich,NA,NA,NA,NA,NA
Pepper Rebel,https://www.cheese.com/pepper-rebel/,cow,Austria,Sulzberg,NA,"semi-hard, artisan",50,469,creamy,natural,yellow,"creamy, spicy","grassy, spicy, sweet",NA,NA,Pfefferrebell,NA,Sulzberger Käserebellen Sennerei GmbH
Petida,https://www.cheese.com/petida/,cow,Germany,NA,NA,"soft, brined",55,190,creamy,artificial,white,"mild, milky","clean, fresh",NA,NA,NA,NA,Bergader Privatkäserei GmbH
Petit Pardou,https://www.cheese.com/petit-pardou/,cow,France,Laruns,NA,semi-hard,50,469,NA,natural,NA,NA,aromatic,NA,NA,NA,NA,NA
Petit-Suisse,https://www.cheese.com/petit-suisse/,cow,France,"Normandy, Auvilliers",NA,fresh soft,40,469,"creamy, smooth",rindless,white,"mild, sweet",fresh,NA,NA,NA,"double Suisse, double Petit-Suisse, Suisse double",Danone
Picobello,https://www.cheese.com/picobello/,cow,Netherlands,Huizen,Gouda,hard,45,469,"crumbly, open",waxed,golden yellow,"caramel, nutty, sweet",NA,NA,NA,NA,"Picobello Fino, Picobello Maturo",Westland Kaasexport B.V.
Pied-de-vent,https://www.cheese.com/pied-de-vent/,cow,Canada,Quebec,Blue,"semi-soft, blue-veined",27,469,"creamy, smooth",washed,cream,"mushroomy, nutty",rich,NA,NA,NA,NA,Fromagerie du Pied-De-Vent
Pizy,https://www.cheese.com/pizy/,cow,Canada,Quebec,Tomme,"soft, artisan, soft-ripened",27,469,"creamy, smooth, soft",bloomy,ivory,"bitter, buttery, mild, milky, salty",mushroom,NA,NA,NA,NA,Fromagerie La Suisse Normande
Podhalanski,https://www.cheese.com/podhalanski/,"cow, sheep",Poland,NA,NA,"semi-hard, artisan",40,469,"creamy, open",natural,pale yellow,smokey,smokey,NA,NA,NA,NA,NA
Pompeii,https://www.cheese.com/pompeii/,cow,Australia,South Australia,NA,"semi-hard, artisan, smear-ripened",45,469,"crumbly, soft, supple",washed,cream,"herbaceous, sweet",herbal,NA,NA,NA,NA,Woodside Cheese Wrights
Port Nicholson,https://www.cheese.com/port-nicholson/,cow,New Zealand,NA,NA,semi-soft,40,469,"creamy, smooth",washed,orange,"sour, sweet",smokey,NA,NA,Kapiti Port Nicholson,NA,Kapiti Brands NZ Ltd
Port-Salut,https://www.cheese.com/port-salut/,cow,France,Brittany,NA,semi-soft,72.7,469,"creamy, smooth",washed,pale yellow,"acidic, mellow",NA,NA,NA,NA,"Port du Salut, Port Salut",NA
Pourly,https://www.cheese.com/pourly/,goat,France,Burgund,NA,"soft, artisan",45,469,smooth,natural,pale yellow,sweet,fresh,NA,NA,NA,NA,NA
Prastost,https://www.cheese.com/prastost/,cow,Sweden,NA,Cheddar,semi-soft,45,469,creamy,NA,yellow,"salty, spicy, strong","aromatic, rich",NA,NA,"Priest Cheese, Saaland Pfarr, VODCheese",NA,NA
President Fat Free Feta,https://www.cheese.com/president-fat-free-feta/,cow,"France, United States",New York,Feta,"firm, artisan, brined",0,30,crumbly,natural,white,"herbaceous, salty, tangy",fresh,NA,NA,"Fat Free Feta Crumbles, Fat Free Feta Chunk",NA,President Cheese
Prima Donna fino,https://www.cheese.com/prima-donna-fino/,cow,Netherlands,NA,Parmesan,hard,30.5,921,"crumbly, crystalline, firm",natural,pale yellow,"full-flavored, nutty, sweet",rich,NA,NA,NA,NA,Vandersterre Groep International B.V.
Prima Donna forte,https://www.cheese.com/prima-donna-forte/,NA,Netherlands,NA,Parmesan,hard,33,990,"crumbly, crystalline, flaky, grainy",natural,yellow,"nutty, strong, sweet",NA,NA,NA,NA,NA,Vandersterre Groep International B.V.
Prima Donna leggero,https://www.cheese.com/prima-donna-leggero/,cow,Netherlands,NA,Parmesan,hard,18.3,1071,"crumbly, crystalline, firm",natural,yellow,"savory, sharp",NA,NA,NA,NA,NA,Vandersterre Groep International B.V.
Prima Donna maturo,https://www.cheese.com/prima-donna-maturo/,cow,Netherlands,NA,Parmesan,hard,32.3,749,"crumbly, crystalline, firm, grainy",natural,yellow,sharp,NA,NA,NA,NA,NA,Vandersterre Groep International B.V.
Provoleta,https://www.cheese.com/provoleta/,water buffalo,Argentina,NA,Pasta filata,"semi-hard, artisan",45,316,"creamy, smooth, springy",NA,pale yellow,"mild, smokey",fresh,NA,NA,Spinning Argentine provolone cheese,NA,NA
Provolone del Monaco,https://www.cheese.com/provolone-del-monaco/,cow,Italy,Naples,Pasta filata,"semi-hard, artisan",40.5,157,"firm, grainy",NA,pale yellow,"buttery, sweet",pleasant,NA,NA,Provolone delmonaco,NA,NA
Saaland Pfarr,https://www.cheese.com/saaland-pfarr/,cow,Sweden,NA,NA,semi-soft,45,469,creamy,NA,yellow,"salty, spicy, strong","aromatic, rich",NA,NA,VODCheese,NA,Norrmejerier
Sage Derby,https://www.cheese.com/sage-derby/,cow,"England, United Kingdom",East Midlands,NA,"semi-hard, artisan",45,469,firm,NA,green,"herbaceous, mild",herbal,NA,NA,NA,NA,NA
Saint Agur,https://www.cheese.com/saint-agur/,cow,France,Auvergne,Blue,"soft, blue-veined",60,469,"creamy, smooth, spreadable",NA,blue,"fruity, mellow, sharp",strong,NA,NA,NA,"Saint Agur Coupe, Saint Agur Crème",Savencia Fromage & Dairy
Saltbush Chevre,https://www.cheese.com/saltbush_chevre/,goat,Australia,South Australia,NA,"fresh firm, artisan",45,469,creamy,rindless,white,"acidic, grassy, herbaceous, salty","goaty, grassy, herbal",NA,NA,NA,NA,Woodside Cheese Wrights
Samso,https://www.cheese.com/samso/,cow,Denmark,NA,NA,semi-hard,30,469,supple,waxed,yellow,"nutty, sour, sweet",NA,NA,NA,NA,NA,NA
Sancerre,https://www.cheese.com/sancerre/,goat,France,NA,NA,hard,40,469,NA,natural,NA,"nutty, strong",NA,NA,NA,NA,NA,NA
Sbrinz,https://www.cheese.com/sbrinz/,cow,Switzerland,"Lucerne, Schwyz, Unterwald, and Zoug, and the following additional places: Muri district in d'Argovi",Swiss Cheese,"hard, artisan",45,469,"dense, flaky",natural,yellow,"butterscotch, full-flavored, nutty, spicy, strong","aromatic, spicy",NA,NA,NA,NA,NA
Seascape,https://www.cheese.com/seascape/,"cow, goat",United States,California,NA,"semi-hard, artisan",8,469,"crumbly, smooth",natural,pale yellow,"buttery, caramel, tangy",pleasant,NA,NA,NA,NA,Central Coast Creamery
Selva,https://www.cheese.com/selva/,cow,Spain,"Fornells de la Selva, Gironès",NA,"soft, artisan",45,469,"smooth, supple",natural,pale yellow,"bitter, buttery, salty",pleasant,NA,NA,NA,Queso De La Selva,NA
Seriously Strong Cheddar,https://www.cheese.com/seriously-strong-cheddar/,cow,"England, Scotland, United Kingdom",Stranraer,Cheddar,hard,34.4,740,"crumbly, dense, firm, flaky",natural,yellow,"full-flavored, savory, smokey , spicy, tangy","rich, smokey, strong",NA,NA,NA,"Seriously Strong Spreadable, Seriously Strong Vintage Cheddar, Seriously Strong Grated Cheddar",Lactalis McLelland Ltd
Sharpham,https://www.cheese.com/sharpham/,cow,"England, United Kingdom",Devon,Brie,"soft, artisan",45,469,"creamy, smooth",mold ripened,white,buttery,fresh,NA,NA,NA,NA,Sharpham Wine & Cheese
Shelburne Cheddar,https://www.cheese.com/shelburne-cheddar/,cow,United States,Shelburne Farms,Cheddar,"hard, artisan",51,469,firm,rindless,pale yellow,strong,rich,NA,NA,NA,NA,Shelburne Farms
Shepherd's Crook,https://www.cheese.com/shepherds-crook/,sheep,England,Somerset,NA,"soft, artisan",48,469,"creamy, smooth, springy",mold ripened,white,"mild, sweet","rich, sweet",NA,NA,NA,NA,Wootton Organic Dairy
Sourire Lozerien,https://www.cheese.com/sourire-lozerien/,cow,France,Cevenes,NA,"semi-soft, artisan",25,469,"creamy, smooth",natural,white,"mild, sweet",musty,NA,NA,NA,NA,SARL LAITERIE RISSOAN
St Fidèle Swiss,https://www.cheese.com/st-fidele-swiss/,cow,Canada,Quebec,Swiss Cheese,semi-hard,17,469,"elastic, firm, open",rindless,ivory,"nutty, sweet","aromatic, sweet",NA,NA,La Belle Brune,"St-Fidele Swiss, Suisse St-Fidèle, Saint Fidele Swiss",Fromagerie St-Fidèle
St Tola Cranberry,https://www.cheese.com/st-tola-cranberry/,goat,Ireland,"Inagh, Co Clare",NA,"fresh soft, artisan",18.2,469,"compact, creamy, smooth, soft",mold ripened,white,"creamy, fruity, full-flavored, sweet","fresh, fruity",NA,NA,NA,NA,Inagh Farmhouse Cheese Ltd
St Tola Divine,https://www.cheese.com/st-tola-divine/,goat,NA,"Inagh, Co Clare",NA,"fresh soft, artisan",14,469,"creamy, soft, spreadable",rindless,white,"lemony, mild, milky","floral, mild, milky",NA,NA,NA,NA,Inagh Farmhouse Cheese Ltd
St Tola Hard Cheese,https://www.cheese.com/st-tola-hard-cheese/,goat,Ireland,"Inagh, Co Clare",Gouda,"hard, artisan",36,469,"compact, crumbly, dense, smooth",waxed,cream,"nutty, sweet, tangy",NA,NA,NA,NA,NA,Inagh Farmhouse Cheese Ltd
Staffordshire Organic,https://www.cheese.com/staffordshire-organic/,cow,"England, Great Britain, United Kingdom",Staffordshire,NA,"hard, artisan",48,469,"creamy, smooth",NA,yellow,NA,NA,NA,NA,NA,Staffordshire Organic Cheese,Staffordshire Dairy
Sveciaost,https://www.cheese.com/sveciaost/,cow,Sweden,Low-laying regions,NA,"semi-hard, brined",45,469,"creamy, supple",rindless,pale yellow,acidic,NA,NA,NA,NA,NA,NA
Swiss cheese,https://www.cheese.com/swiss/,cow,United States,NA,Swiss Cheese,"hard, artisan, processed",7.8,469,firm,rindless,pale yellow,"nutty, sweet",NA,NA,NA,American Swiss Cheese,NA,Various
